STUDENT,GROUP,TIME,SUTURES,INVESTIGATOR,VIDEO,OSATS_RESPECT,OSATS_MOTION,OSATS_INSTRUMENT,OSATS_SUTURE,OSATS_FLOW,OSATS_KNOWLEDGE,OSATS_PERFORMANCE,OSATS_FINAL_QUALITY,GLOBA_RATING_SCORE
AHO729,E-LEARNING,PRE,1,A,P54M,2,1,2,2,1,2,2,1,13
AHO729,E-LEARNING,PRE,1,B,P54M,2,1,3,1,2,1,2,1,13
AHO729,E-LEARNING,PRE,1,C,P54M,2,1,1,1,1,1,1,1,9
AHO729,E-LEARNING,POST,4.5,A,M45P,4,4,4,3,3,4,3,3,28
AHO729,E-LEARNING,POST,4.5,B,M45P,2,3,4,3,3,4,3,3,25
AHO729,E-LEARNING,POST,4.5,C,M45P,3,2,2,2,2,3,2,2,18
AHU348,TUTOR-LED,PRE,0.5,A,D44W,1,1,1,1,1,1,1,1,8
AHU348,TUTOR-LED,PRE,0.5,B,D44W,1,1,1,1,2,1,1,1,9
AHU348,TUTOR-LED,PRE,0.5,C,D44W,1,1,1,1,1,1,1,1,8
AHU348,TUTOR-LED,POST,3,A,W44D,1,1,2,1,1,2,2,1,11
AHU348,TUTOR-LED,POST,3,B,W44D,2,2,3,3,2,3,3,2,20
AHU348,TUTOR-LED,POST,3,C,W44D,1,1,1,1,2,2,1,1,10
AJJ164,E-LEARNING,PRE,2.5,A,V34K,1,1,1,1,1,2,1,1,9
AJJ164,E-LEARNING,PRE,2.5,B,V34K,3,2,3,3,2,3,2,2,20
AJJ164,E-LEARNING,PRE,2.5,C,V34K,2,2,1,1,1,2,1,1,11
AJJ164,E-LEARNING,POST,6,A,K43V,3,2,3,3,2,3,2,3,21
AJJ164,E-LEARNING,POST,6,B,K43V,4,4,4,5,4,5,5,5,36
AJJ164,E-LEARNING,POST,6,C,K43V,3,4,4,4,4,4,4,4,31
ALN135,E-LEARNING,PRE,0.5,A,V16A,1,1,1,1,1,1,1,1,8
ALN135,E-LEARNING,PRE,0.5,B,V16A,4,2,3,3,2,1,2,1,18
ALN135,E-LEARNING,PRE,0.5,C,V16A,1,1,1,1,1,1,1,1,8
ALN135,E-LEARNING,POST,3.5,A,A61V,4,2,3,3,2,3,3,4,24
ALN135,E-LEARNING,POST,3.5,B,A61V,4,3,4,3,3,4,3,4,28
ALN135,E-LEARNING,POST,3.5,C,A61V,4,3,2,3,3,3,3,3,24
ASG463,HMD-BASED,PRE,0.5,A,S84F,1,1,1,1,1,1,1,1,8
ASG463,HMD-BASED,PRE,0.5,B,S84F,1,2,2,1,2,1,2,1,12
ASG463,HMD-BASED,PRE,0.5,C,S84F,1,4,2,1,4,1,1,1,15
ASG463,HMD-BASED,POST,3,A,F48S,2,3,3,3,4,5,3,4,27
ASG463,HMD-BASED,POST,3,B,F48S,1,2,3,2,2,4,3,3,20
ASG463,HMD-BASED,POST,3,C,F48S,2,3,2,4,3,4,3,3,24
AVY994,TUTOR-LED,PRE,1.5,A,V63F,1,1,1,1,1,2,1,1,9
AVY994,TUTOR-LED,PRE,1.5,B,V63F,1,2,3,2,2,3,2,2,17
AVY994,TUTOR-LED,PRE,1.5,C,V63F,3,1,2,2,1,2,1,1,13
AVY994,TUTOR-LED,POST,3,A,F36V,3,3,3,3,4,4,3,4,27
AVY994,TUTOR-LED,POST,3,B,F36V,2,3,4,4,3,4,3,4,27
AVY994,TUTOR-LED,POST,3,C,F36V,3,3,3,4,3,4,3,3,26
BMA417,HMD-BASED,PRE,2.5,A,N75S,1,1,1,1,1,1,2,1,9
BMA417,HMD-BASED,PRE,2.5,B,N75S,1,2,2,2,1,2,1,1,12
BMA417,HMD-BASED,PRE,2.5,C,N75S,1,1,1,1,1,1,1,1,8
BMA417,HMD-BASED,POST,4.5,A,S57N,3,3,3,2,3,3,3,3,23
BMA417,HMD-BASED,POST,4.5,B,S57N,3,4,4,3,3,4,3,3,27
BMA417,HMD-BASED,POST,4.5,C,S57N,3,2,2,3,3,3,3,2,21
BOG917,HMD-BASED,PRE,2.5,A,C16G,3,3,3,2,2,2,2,1,18
BOG917,HMD-BASED,PRE,2.5,B,C16G,2,2,3,2,3,3,3,3,21
BOG917,HMD-BASED,PRE,2.5,C,C16G,1,1,2,2,2,2,2,2,14
BOG917,HMD-BASED,POST,4.5,A,G61C,4,3,5,3,4,4,3,3,29
BOG917,HMD-BASED,POST,4.5,B,G61C,3,3,4,4,3,4,3,3,27
BOG917,HMD-BASED,POST,4.5,C,G61C,3,4,3,3,3,4,3,3,26
BPK693,TUTOR-LED,PRE,0.5,A,I67J,1,1,1,1,1,1,1,1,8
BPK693,TUTOR-LED,PRE,0.5,B,I67J,3,2,3,2,2,2,2,1,17
BPK693,TUTOR-LED,PRE,0.5,C,I67J,1,1,1,1,1,1,1,1,8
BPK693,TUTOR-LED,POST,2.5,A,J76I,3,3,3,3,4,4,3,4,27
BPK693,TUTOR-LED,POST,2.5,B,J76I,4,2,3,3,3,4,3,4,26
BPK693,TUTOR-LED,POST,2.5,C,J76I,3,2,2,2,2,2,2,2,17
BQL579,E-LEARNING,PRE,1,A,T22H,1,1,1,1,1,1,1,1,8
BQL579,E-LEARNING,PRE,1,B,T22H,2,2,3,2,3,1,1,1,15
BQL579,E-LEARNING,PRE,1,C,T22H,2,2,1,1,2,1,1,1,11
BQL579,E-LEARNING,POST,3.5,A,H22T,2,2,2,3,2,2,2,2,17
BQL579,E-LEARNING,POST,3.5,B,H22T,4,3,3,3,3,3,3,3,25
BQL579,E-LEARNING,POST,3.5,C,H22T,3,2,2,3,3,3,3,3,22
BSX718,HMD-BASED,PRE,4,A,G21U,2,2,2,2,2,2,2,2,16
BSX718,HMD-BASED,PRE,4,B,G21U,2,2,3,3,2,3,2,3,20
BSX718,HMD-BASED,PRE,4,C,G21U,3,1,1,2,2,2,2,1,14
BSX718,HMD-BASED,POST,4.5,A,U12G,3,3,3,3,3,3,3,3,24
BSX718,HMD-BASED,POST,4.5,B,U12G,4,4,5,5,4,5,5,5,37
BSX718,HMD-BASED,POST,4.5,C,U12G,2,4,3,4,3,4,4,4,28
BTB157,HMD-BASED,PRE,3.5,A,D51V,1,1,2,2,2,2,2,2,14
BTB157,HMD-BASED,PRE,3.5,B,D51V,3,2,3,2,2,3,3,3,21
BTB157,HMD-BASED,PRE,3.5,C,D51V,2,2,2,2,2,3,2,2,17
BTB157,HMD-BASED,POST,4.5,A,V15D,3,3,3,3,3,3,3,2,23
BTB157,HMD-BASED,POST,4.5,B,V15D,3,4,4,4,3,5,4,3,30
BTB157,HMD-BASED,POST,4.5,C,V15D,2,4,4,3,4,4,4,4,29
CCC965,E-LEARNING,PRE,1.5,A,K16O,1,2,1,2,1,2,1,2,12
CCC965,E-LEARNING,PRE,1.5,B,K16O,2,2,2,2,1,2,2,2,15
CCC965,E-LEARNING,PRE,1.5,C,K16O,3,1,1,1,1,1,1,1,10
CCC965,E-LEARNING,POST,4,A,O61K,2,2,2,2,2,2,2,2,16
CCC965,E-LEARNING,POST,4,B,O61K,3,3,3,3,2,3,3,3,23
CCC965,E-LEARNING,POST,4,C,O61K,2,3,2,3,3,2,3,2,20
CCR425,HMD-BASED,PRE,4.5,A,Q30R,4,2,3,3,3,4,3,3,25
CCR425,HMD-BASED,PRE,4.5,B,Q30R,3,4,3,2,3,3,3,3,24
CCR425,HMD-BASED,PRE,4.5,C,Q30R,3,2,2,2,2,3,2,2,18
CCR425,HMD-BASED,POST,5.5,A,R03Q,4,3,3,3,4,4,3,3,27
CCR425,HMD-BASED,POST,5.5,B,R03Q,3,4,4,3,4,4,4,4,30
CCR425,HMD-BASED,POST,5.5,C,R03Q,3,3,3,3,3,3,3,3,24
CIH708,E-LEARNING,PRE,0.5,A,V29V,1,1,1,1,1,1,1,1,8
CIH708,E-LEARNING,PRE,0.5,B,V29V,4,2,3,2,2,1,2,1,17
CIH708,E-LEARNING,PRE,0.5,C,V29V,3,1,1,1,1,1,1,1,10
CIH708,E-LEARNING,POST,3.5,A,V92V,4,3,3,3,3,4,3,3,26
CIH708,E-LEARNING,POST,3.5,B,V92V,3,3,4,3,4,4,3,4,28
CIH708,E-LEARNING,POST,3.5,C,V92V,3,2,3,3,2,3,3,2,21
CJW667,TUTOR-LED,PRE,3,A,K11Q,1,1,1,1,1,1,1,1,8
CJW667,TUTOR-LED,PRE,3,B,K11Q,3,2,2,1,1,1,1,1,12
CJW667,TUTOR-LED,PRE,3,C,K11Q,1,1,1,1,1,1,1,1,8
CJW667,TUTOR-LED,POST,5.5,A,Q11K,1,2,2,2,2,2,2,2,15
CJW667,TUTOR-LED,POST,5.5,B,Q11K,2,1,1,2,1,2,2,2,13
CJW667,TUTOR-LED,POST,5.5,C,Q11K,2,2,1,2,2,2,1,1,13
CNZ678,E-LEARNING,PRE,0.5,A,Q38Q,1,1,1,1,1,1,1,1,8
CNZ678,E-LEARNING,PRE,0.5,B,Q38Q,4,2,3,3,2,1,2,1,18
CNZ678,E-LEARNING,PRE,0.5,C,Q38Q,3,1,2,1,1,1,1,1,11
CNZ678,E-LEARNING,POST,3.5,A,Q83Q,5,4,3,4,4,4,4,4,32
CNZ678,E-LEARNING,POST,3.5,B,Q83Q,5,3,4,4,4,5,4,4,33
CNZ678,E-LEARNING,POST,3.5,C,Q83Q,3,3,3,3,2,3,3,3,23
COT642,E-LEARNING,PRE,2,A,N66F,1,1,1,1,1,2,1,2,10
COT642,E-LEARNING,PRE,2,B,N66F,2,2,2,2,2,2,2,2,16
COT642,E-LEARNING,PRE,2,C,N66F,3,1,2,2,1,1,2,2,14
COT642,E-LEARNING,POST,5.5,A,F66N,3,3,3,3,3,3,3,3,24
COT642,E-LEARNING,POST,5.5,B,F66N,2,4,4,4,3,4,3,3,27
COT642,E-LEARNING,POST,5.5,C,F66N,3,2,2,3,3,3,3,2,21
CRR769,TUTOR-LED,PRE,0.5,A,A99Y,3,1,2,2,1,1,1,2,13
CRR769,TUTOR-LED,PRE,0.5,B,A99Y,3,2,3,2,2,3,2,2,19
CRR769,TUTOR-LED,PRE,0.5,C,A99Y,3,1,1,3,1,2,2,2,15
CRR769,TUTOR-LED,POST,3,A,Y99A,3,3,3,3,4,3,4,4,27
CRR769,TUTOR-LED,POST,3,B,Y99A,5,5,5,5,4,5,5,5,39
CRR769,TUTOR-LED,POST,3,C,Y99A,3,3,3,4,3,3,4,4,27
CUK271,TUTOR-LED,PRE,0.5,A,K78J,1,1,2,1,1,1,1,1,9
CUK271,TUTOR-LED,PRE,0.5,B,K78J,3,2,2,2,2,1,2,1,15
CUK271,TUTOR-LED,PRE,0.5,C,K78J,1,2,1,1,3,1,1,1,11
CUK271,TUTOR-LED,POST,6.5,A,J87K,4,3,3,4,4,4,4,5,31
CUK271,TUTOR-LED,POST,6.5,B,J87K,3,3,3,3,3,3,3,2,23
CUK271,TUTOR-LED,POST,6.5,C,J87K,3,3,3,3,3,3,3,3,24
DDX226,TUTOR-LED,PRE,3.5,A,L10E,2,2,2,1,1,2,2,2,14
DDX226,TUTOR-LED,PRE,3.5,B,L10E,3,3,3,3,3,3,3,2,23
DDX226,TUTOR-LED,PRE,3.5,C,L10E,2,2,2,2,2,2,2,2,16
DDX226,TUTOR-LED,POST,5,A,E01L,4,3,5,3,4,5,3,3,30
DDX226,TUTOR-LED,POST,5,B,E01L,5,4,4,5,5,5,4,5,37
DDX226,TUTOR-LED,POST,5,C,E01L,3,3,3,3,3,4,3,3,25
DHW894,HMD-BASED,PRE,1,A,M98P,3,1,1,1,1,1,1,1,10
DHW894,HMD-BASED,PRE,1,B,M98P,2,1,2,2,2,2,2,1,14
DHW894,HMD-BASED,PRE,1,C,M98P,2,1,1,1,1,1,1,1,9
DHW894,HMD-BASED,POST,4.5,A,P89M,4,3,4,3,4,4,4,4,30
DHW894,HMD-BASED,POST,4.5,B,P89M,4,4,3,3,3,4,4,4,29
DHW894,HMD-BASED,POST,4.5,C,P89M,3,3,4,4,3,4,4,3,28
DHZ613,E-LEARNING,PRE,2.5,A,W33L,1,1,2,2,2,2,2,2,14
DHZ613,E-LEARNING,PRE,2.5,B,W33L,3,3,3,3,3,3,3,3,24
DHZ613,E-LEARNING,PRE,2.5,C,W33L,2,1,1,1,1,1,1,1,9
DHZ613,E-LEARNING,POST,4.5,A,L33W,2,2,3,3,3,3,3,3,22
DHZ613,E-LEARNING,POST,4.5,B,L33W,3,4,4,3,3,4,4,4,29
DHZ613,E-LEARNING,POST,4.5,C,L33W,4,3,3,4,4,5,4,4,31
DNQ977,E-LEARNING,PRE,4.5,A,R96W,3,3,4,3,3,4,3,3,26
DNQ977,E-LEARNING,PRE,4.5,B,R96W,2,2,3,1,3,4,3,2,20
DNQ977,E-LEARNING,PRE,4.5,C,R96W,3,3,3,3,3,3,3,3,24
DNQ977,E-LEARNING,POST,8,A,W69R,4,3,4,4,4,4,4,4,31
DNQ977,E-LEARNING,POST,8,B,W69R,3,3,4,3,4,4,4,3,28
DNQ977,E-LEARNING,POST,8,C,W69R,3,4,3,2,4,4,3,2,25
DZK210,HMD-BASED,PRE,2.5,A,B61D,1,1,2,1,2,1,1,2,11
DZK210,HMD-BASED,PRE,2.5,B,B61D,2,1,2,2,2,1,2,3,15
DZK210,HMD-BASED,PRE,2.5,C,B61D,2,1,1,1,1,2,1,1,10
DZK210,HMD-BASED,POST,4.5,A,D16B,4,3,3,3,4,4,3,4,28
DZK210,HMD-BASED,POST,4.5,B,D16B,4,3,4,4,3,4,4,4,30
DZK210,HMD-BASED,POST,4.5,C,D16B,3,3,3,3,3,3,3,3,24
EDQ111,TUTOR-LED,PRE,0.5,A,L84T,1,1,1,1,1,1,1,1,8
EDQ111,TUTOR-LED,PRE,0.5,B,L84T,2,2,3,1,2,2,2,1,15
EDQ111,TUTOR-LED,PRE,0.5,C,L84T,1,1,1,1,1,1,1,1,8
EDQ111,TUTOR-LED,POST,5,A,T48L,4,4,5,5,4,4,5,4,35
EDQ111,TUTOR-LED,POST,5,B,T48L,4,3,4,4,4,4,4,4,31
EDQ111,TUTOR-LED,POST,5,C,T48L,3,4,4,4,4,4,4,4,31
EEO901,HMD-BASED,PRE,2.5,A,F10I,2,1,2,1,1,2,1,1,11
EEO901,HMD-BASED,PRE,2.5,B,F10I,3,2,3,2,3,4,3,3,23
EEO901,HMD-BASED,PRE,2.5,C,F10I,2,1,1,1,1,2,1,1,10
EEO901,HMD-BASED,POST,4.5,A,I01F,3,3,4,4,4,4,3,4,29
EEO901,HMD-BASED,POST,4.5,B,I01F,3,3,3,3,3,4,3,3,25
EEO901,HMD-BASED,POST,4.5,C,I01F,4,4,4,4,4,3,4,4,31
ELQ418,TUTOR-LED,PRE,0.5,A,X98Z,1,1,1,1,1,1,1,1,8
ELQ418,TUTOR-LED,PRE,0.5,B,X98Z,3,1,3,2,1,1,2,1,14
ELQ418,TUTOR-LED,PRE,0.5,C,X98Z,2,1,1,1,1,1,1,1,9
ELQ418,TUTOR-LED,POST,2,A,Z89X,3,3,3,3,2,3,3,3,23
ELQ418,TUTOR-LED,POST,2,B,Z89X,4,2,2,2,2,3,2,3,20
ELQ418,TUTOR-LED,POST,2,C,Z89X,3,2,2,3,1,3,2,3,19
ENY196,TUTOR-LED,PRE,3.5,A,V22O,4,3,4,4,3,3,3,2,26
ENY196,TUTOR-LED,PRE,3.5,B,V22O,3,3,3,2,3,3,3,2,22
ENY196,TUTOR-LED,PRE,3.5,C,V22O,2,2,2,1,2,1,1,1,12
ENY196,TUTOR-LED,POST,5,A,O22V,4,2,4,3,3,4,4,4,28
ENY196,TUTOR-LED,POST,5,B,O22V,4,3,3,3,3,4,3,3,26
ENY196,TUTOR-LED,POST,5,C,O22V,3,3,3,3,3,3,3,3,24
EOJ564,TUTOR-LED,PRE,2.5,A,O10Z,1,1,2,1,1,2,2,2,12
EOJ564,TUTOR-LED,PRE,2.5,B,O10Z,2,2,2,2,2,4,2,2,18
EOJ564,TUTOR-LED,PRE,2.5,C,O10Z,2,2,2,2,1,2,2,2,15
EOJ564,TUTOR-LED,POST,4,A,Z01O,4,3,4,4,3,4,3,4,29
EOJ564,TUTOR-LED,POST,4,B,Z01O,3,3,4,3,4,4,3,3,27
EOJ564,TUTOR-LED,POST,4,C,Z01O,3,3,3,3,3,3,3,3,24
EPQ609,E-LEARNING,PRE,4,A,X14A,3,3,3,3,3,3,3,3,24
EPQ609,E-LEARNING,PRE,4,B,X14A,2,3,3,3,3,4,3,3,24
EPQ609,E-LEARNING,PRE,4,C,X14A,3,2,2,2,2,3,2,3,19
EPQ609,E-LEARNING,POST,5,A,A41X,4,3,3,4,3,3,3,3,26
EPQ609,E-LEARNING,POST,5,B,A41X,5,5,5,5,5,5,5,5,40
EPQ609,E-LEARNING,POST,5,C,A41X,5,4,4,5,5,4,4,5,36
ETB270,TUTOR-LED,PRE,0.5,A,S77O,1,1,1,1,1,1,1,1,8
ETB270,TUTOR-LED,PRE,0.5,B,S77O,2,2,2,3,3,1,2,1,16
ETB270,TUTOR-LED,PRE,0.5,C,S77O,3,2,2,1,4,1,1,1,15
ETB270,TUTOR-LED,POST,4.5,A,O77S,4,3,4,3,3,4,3,3,27
ETB270,TUTOR-LED,POST,4.5,B,O77S,4,4,4,4,4,4,4,4,32
ETB270,TUTOR-LED,POST,4.5,C,O77S,2,2,3,2,2,3,2,2,18
EVZ976,TUTOR-LED,PRE,2.5,A,R55K,1,1,1,1,1,2,2,1,10
EVZ976,TUTOR-LED,PRE,2.5,B,R55K,3,2,3,2,2,2,2,2,18
EVZ976,TUTOR-LED,PRE,2.5,C,R55K,2,2,2,2,2,2,2,2,16
EVZ976,TUTOR-LED,POST,4.5,A,K55R,3,3,3,3,2,3,3,3,23
EVZ976,TUTOR-LED,POST,4.5,B,K55R,2,3,3,3,3,4,4,3,25
EVZ976,TUTOR-LED,POST,4.5,C,K55R,2,2,3,2,3,3,2,2,19
FFP213,TUTOR-LED,PRE,2.5,A,G66T,2,2,2,3,2,2,2,3,18
FFP213,TUTOR-LED,PRE,2.5,B,G66T,3,3,3,3,3,3,3,3,24
FFP213,TUTOR-LED,PRE,2.5,C,G66T,1,1,1,2,1,2,2,1,11
FFP213,TUTOR-LED,POST,5.5,A,T66G,3,4,3,3,3,3,4,3,26
FFP213,TUTOR-LED,POST,5.5,B,T66G,2,2,3,3,2,3,2,2,19
FFP213,TUTOR-LED,POST,5.5,C,T66G,4,4,4,4,4,4,4,4,32
FII548,E-LEARNING,PRE,4.5,A,V23S,4,2,3,3,3,4,3,3,25
FII548,E-LEARNING,PRE,4.5,B,V23S,4,3,4,3,3,3,3,3,26
FII548,E-LEARNING,PRE,4.5,C,V23S,3,2,3,3,2,3,3,3,22
FII548,E-LEARNING,POST,5.5,A,S32V,3,3,4,4,4,4,4,4,30
FII548,E-LEARNING,POST,5.5,B,S32V,4,4,5,5,4,5,4,4,35
FII548,E-LEARNING,POST,5.5,C,S32V,3,4,4,3,4,4,4,4,30
FKK289,HMD-BASED,PRE,0.5,A,N99Z,1,1,1,1,1,1,1,1,8
FKK289,HMD-BASED,PRE,0.5,B,N99Z,1,1,1,1,1,2,1,1,9
FKK289,HMD-BASED,PRE,0.5,C,N99Z,2,1,1,1,1,1,1,1,9
FKK289,HMD-BASED,POST,5.5,A,Z99N,3,3,4,2,4,4,3,2,25
FKK289,HMD-BASED,POST,5.5,B,Z99N,4,4,4,4,4,4,4,4,32
FKK289,HMD-BASED,POST,5.5,C,Z99N,3,3,3,3,3,3,3,3,24
FLY754,TUTOR-LED,PRE,3.5,A,N74O,1,1,2,1,2,2,2,2,13
FLY754,TUTOR-LED,PRE,3.5,B,N74O,2,2,3,2,3,2,2,2,18
FLY754,TUTOR-LED,PRE,3.5,C,N74O,2,2,2,2,2,2,2,2,16
FLY754,TUTOR-LED,POST,5.5,A,O47N,4,3,4,4,4,4,4,3,30
FLY754,TUTOR-LED,POST,5.5,B,O47N,4,4,3,3,3,4,3,3,27
FLY754,TUTOR-LED,POST,5.5,C,O47N,2,3,2,3,3,2,3,2,20
FMM250,TUTOR-LED,PRE,0.5,A,Z30F,1,1,1,1,1,2,1,1,9
FMM250,TUTOR-LED,PRE,0.5,B,Z30F,4,2,3,2,2,2,2,2,19
FMM250,TUTOR-LED,PRE,0.5,C,Z30F,3,1,1,1,1,1,1,1,10
FMM250,TUTOR-LED,POST,3,A,F03Z,4,4,4,3,4,4,4,4,31
FMM250,TUTOR-LED,POST,3,B,F03Z,5,4,4,4,4,5,4,5,35
FMM250,TUTOR-LED,POST,3,C,F03Z,2,3,3,3,3,3,3,3,23
FRV956,TUTOR-LED,PRE,3.5,A,R70P,3,3,3,4,4,4,3,3,27
FRV956,TUTOR-LED,PRE,3.5,B,R70P,2,2,3,2,2,3,2,2,18
FRV956,TUTOR-LED,PRE,3.5,C,R70P,2,3,2,2,3,3,2,2,19
FRV956,TUTOR-LED,POST,5.5,A,P07R,4,3,4,4,4,4,4,4,31
FRV956,TUTOR-LED,POST,5.5,B,P07R,3,4,4,3,4,4,4,3,29
FRV956,TUTOR-LED,POST,5.5,C,P07R,3,3,4,5,2,4,4,4,29
FXS878,E-LEARNING,PRE,1.5,A,G94Z,1,1,1,2,1,2,1,1,10
FXS878,E-LEARNING,PRE,1.5,B,G94Z,3,2,3,3,2,2,2,2,19
FXS878,E-LEARNING,PRE,1.5,C,G94Z,1,1,1,1,1,1,1,1,8
FXS878,E-LEARNING,POST,4,A,Z49G,3,3,3,3,2,3,3,3,23
FXS878,E-LEARNING,POST,4,B,Z49G,4,3,4,4,3,5,4,5,32
FXS878,E-LEARNING,POST,4,C,Z49G,3,2,2,3,3,3,3,4,23
GAR489,E-LEARNING,PRE,3,A,F95D,4,4,3,3,3,4,3,3,27
GAR489,E-LEARNING,PRE,3,B,F95D,2,2,2,2,2,4,3,2,19
GAR489,E-LEARNING,PRE,3,C,F95D,3,2,2,3,2,3,2,2,19
GAR489,E-LEARNING,POST,5,A,D59F,4,4,4,4,4,5,4,4,33
GAR489,E-LEARNING,POST,5,B,D59F,4,4,4,4,4,5,3,4,32
GAR489,E-LEARNING,POST,5,C,D59F,3,3,3,3,4,3,3,4,26
GDS124,TUTOR-LED,PRE,0.5,A,U92P,1,1,1,1,1,1,1,1,8
GDS124,TUTOR-LED,PRE,0.5,B,U92P,2,2,3,2,2,1,2,1,15
GDS124,TUTOR-LED,PRE,0.5,C,U92P,2,1,1,1,1,1,1,1,9
GDS124,TUTOR-LED,POST,4,A,P29U,4,3,3,4,3,4,3,2,26
GDS124,TUTOR-LED,POST,4,B,P29U,3,2,3,2,3,3,3,3,22
GDS124,TUTOR-LED,POST,4,C,P29U,3,2,2,2,2,2,2,2,17
GFR744,HMD-BASED,PRE,0.5,A,K56C,1,1,1,1,1,1,1,1,8
GFR744,HMD-BASED,PRE,0.5,B,K56C,3,1,2,2,2,2,1,1,14
GFR744,HMD-BASED,PRE,0.5,C,K56C,2,1,1,1,1,1,1,1,9
GFR744,HMD-BASED,POST,4.5,A,C65K,2,1,2,2,2,2,2,2,15
GFR744,HMD-BASED,POST,4.5,B,C65K,3,3,4,4,3,4,3,4,28
GFR744,HMD-BASED,POST,4.5,C,C65K,3,2,2,3,2,3,2,3,20
GGK346,TUTOR-LED,PRE,1.5,A,C36X,3,1,1,2,1,1,1,2,12
GGK346,TUTOR-LED,PRE,1.5,B,C36X,4,2,3,2,2,4,3,3,23
GGK346,TUTOR-LED,PRE,1.5,C,C36X,3,1,1,1,1,1,1,1,10
GGK346,TUTOR-LED,POST,3,A,X63C,4,3,4,4,3,4,4,3,29
GGK346,TUTOR-LED,POST,3,B,X63C,3,2,2,3,3,4,3,4,24
GGK346,TUTOR-LED,POST,3,C,X63C,3,2,3,3,2,3,2,3,21
GHH869,TUTOR-LED,PRE,2,A,R64C,1,1,1,1,1,1,1,1,8
GHH869,TUTOR-LED,PRE,2,B,R64C,1,2,2,2,1,2,2,1,13
GHH869,TUTOR-LED,PRE,2,C,R64C,1,1,1,1,1,1,1,1,8
GHH869,TUTOR-LED,POST,6,A,C46R,3,3,3,3,3,3,4,3,25
GHH869,TUTOR-LED,POST,6,B,C46R,4,4,5,5,4,5,5,5,37
GHH869,TUTOR-LED,POST,6,C,C46R,3,3,3,4,4,4,4,4,29
GJO210,E-LEARNING,PRE,2,A,G22R,3,2,4,3,3,4,3,2,24
GJO210,E-LEARNING,PRE,2,B,G22R,3,2,3,2,2,4,3,2,21
GJO210,E-LEARNING,PRE,2,C,G22R,3,1,2,1,2,2,2,2,15
GJO210,E-LEARNING,POST,4,A,R22G,4,4,4,3,4,4,4,4,31
GJO210,E-LEARNING,POST,4,B,R22G,2,3,3,3,2,4,3,4,24
GJO210,E-LEARNING,POST,4,C,R22G,3,4,4,4,4,4,4,4,31
GMG238,TUTOR-LED,PRE,2,A,I70X,2,1,2,1,1,2,2,2,13
GMG238,TUTOR-LED,PRE,2,B,I70X,3,2,3,2,2,2,2,3,19
GMG238,TUTOR-LED,PRE,2,C,I70X,3,2,2,2,2,2,2,3,18
GMG238,TUTOR-LED,POST,4,A,X07I,4,4,4,4,3,4,4,3,30
GMG238,TUTOR-LED,POST,4,B,X07I,4,3,4,4,4,5,4,4,32
GMG238,TUTOR-LED,POST,4,C,X07I,3,2,2,3,1,3,2,3,19
GSG391,HMD-BASED,PRE,0.5,A,G92L,1,1,1,1,1,1,1,1,8
GSG391,HMD-BASED,PRE,0.5,B,G92L,2,1,2,2,1,1,1,1,11
GSG391,HMD-BASED,PRE,0.5,C,G92L,1,1,1,1,1,1,1,1,8
GSG391,HMD-BASED,POST,2.5,A,L29G,1,1,1,2,1,2,2,2,12
GSG391,HMD-BASED,POST,2.5,B,L29G,3,3,3,3,2,4,3,3,24
GSG391,HMD-BASED,POST,2.5,C,L29G,3,2,2,3,3,3,2,3,21
GTU759,HMD-BASED,PRE,1,A,R65M,1,1,1,1,1,2,1,1,9
GTU759,HMD-BASED,PRE,1,B,R65M,3,2,2,2,1,1,1,1,13
GTU759,HMD-BASED,PRE,1,C,R65M,1,1,1,1,1,1,1,1,8
GTU759,HMD-BASED,POST,3,A,M56R,3,2,3,2,3,3,3,3,22
GTU759,HMD-BASED,POST,3,B,M56R,2,2,3,3,3,3,2,2,20
GTU759,HMD-BASED,POST,3,C,M56R,2,2,1,2,1,2,2,1,13
GXW981,HMD-BASED,PRE,2,A,O16G,1,1,1,2,1,2,2,2,12
GXW981,HMD-BASED,PRE,2,B,O16G,2,2,2,2,2,4,2,2,18
GXW981,HMD-BASED,PRE,2,C,O16G,3,2,2,1,2,2,2,1,15
GXW981,HMD-BASED,POST,5.5,A,G61O,3,3,4,3,3,4,3,3,26
GXW981,HMD-BASED,POST,5.5,B,G61O,4,4,4,4,4,5,4,4,33
GXW981,HMD-BASED,POST,5.5,C,G61O,3,4,4,3,4,3,3,3,27
GYK443,HMD-BASED,PRE,1,A,K53Y,1,1,1,1,1,2,1,2,10
GYK443,HMD-BASED,PRE,1,B,K53Y,3,2,2,2,2,1,1,1,14
GYK443,HMD-BASED,PRE,1,C,K53Y,1,1,1,1,1,1,1,1,8
GYK443,HMD-BASED,POST,4.5,A,Y35K,3,3,3,2,3,3,4,3,24
GYK443,HMD-BASED,POST,4.5,B,Y35K,4,4,4,4,4,4,4,4,32
GYK443,HMD-BASED,POST,4.5,C,Y35K,3,2,3,3,3,3,2,2,21
HCH427,E-LEARNING,PRE,1.5,A,E45Q,3,1,3,3,2,3,2,1,18
HCH427,E-LEARNING,PRE,1.5,B,E45Q,3,2,3,2,2,4,3,2,21
HCH427,E-LEARNING,PRE,1.5,C,E45Q,3,1,1,2,1,2,1,1,12
HCH427,E-LEARNING,POST,3.5,A,Q54E,4,3,4,3,4,4,3,3,28
HCH427,E-LEARNING,POST,3.5,B,Q54E,3,2,3,4,3,4,3,4,26
HCH427,E-LEARNING,POST,3.5,C,Q54E,3,3,3,3,2,3,3,3,23
HDS138,HMD-BASED,PRE,1,A,X88U,1,1,1,1,1,1,1,1,8
HDS138,HMD-BASED,PRE,1,B,X88U,2,2,3,2,2,1,2,1,15
HDS138,HMD-BASED,PRE,1,C,X88U,2,2,2,1,1,1,1,1,11
HDS138,HMD-BASED,POST,4.5,A,U88X,2,3,4,3,3,4,3,3,25
HDS138,HMD-BASED,POST,4.5,B,U88X,2,4,4,4,4,5,4,5,32
HDS138,HMD-BASED,POST,4.5,C,U88X,2,3,3,2,3,2,3,2,20
HEA108,HMD-BASED,PRE,0.5,A,A36O,4,1,1,1,1,1,2,1,12
HEA108,HMD-BASED,PRE,0.5,B,A36O,4,2,3,2,2,1,1,1,16
HEA108,HMD-BASED,PRE,0.5,C,A36O,2,1,1,1,1,1,1,1,9
HEA108,HMD-BASED,POST,4,A,O63A,3,3,4,3,4,4,4,3,28
HEA108,HMD-BASED,POST,4,B,O63A,4,3,4,3,3,4,4,4,29
HEA108,HMD-BASED,POST,4,C,O63A,3,3,3,3,3,3,3,3,24
HFL100,TUTOR-LED,PRE,0.5,A,P77F,1,1,1,1,1,1,1,1,8
HFL100,TUTOR-LED,PRE,0.5,B,P77F,2,1,2,1,1,2,1,1,11
HFL100,TUTOR-LED,PRE,0.5,C,P77F,1,1,1,1,1,1,1,1,8
HFL100,TUTOR-LED,POST,3.5,A,F77P,2,3,3,2,3,3,3,2,21
HFL100,TUTOR-LED,POST,3.5,B,F77P,3,2,2,3,3,4,3,3,23
HFL100,TUTOR-LED,POST,3.5,C,F77P,3,2,1,2,1,2,2,1,14
HGN732,E-LEARNING,PRE,4,A,T98Q,3,2,2,1,2,2,2,2,16
HGN732,E-LEARNING,PRE,4,B,T98Q,3,3,3,3,3,4,3,3,25
HGN732,E-LEARNING,PRE,4,C,T98Q,2,3,2,2,3,2,2,2,18
HGN732,E-LEARNING,POST,5,A,Q89T,4,3,4,3,4,4,3,3,28
HGN732,E-LEARNING,POST,5,B,Q89T,2,3,4,4,4,4,4,4,29
HGN732,E-LEARNING,POST,5,C,Q89T,3,3,3,3,3,3,3,3,24
HPZ806,E-LEARNING,PRE,1.5,A,H27O,3,2,2,1,2,1,1,1,13
HPZ806,E-LEARNING,PRE,1.5,B,H27O,2,2,2,2,2,1,2,1,14
HPZ806,E-LEARNING,PRE,1.5,C,H27O,2,1,1,1,1,1,1,1,9
HPZ806,E-LEARNING,POST,5,A,O72H,3,3,3,3,3,4,3,2,24
HPZ806,E-LEARNING,POST,5,B,O72H,3,3,4,3,3,4,3,3,26
HPZ806,E-LEARNING,POST,5,C,O72H,3,3,2,3,3,3,3,3,23
HSU582,TUTOR-LED,PRE,5,A,A31H,1,2,1,1,1,2,2,1,11
HSU582,TUTOR-LED,PRE,5,B,A31H,1,2,3,2,2,3,2,2,17
HSU582,TUTOR-LED,PRE,5,C,A31H,2,2,1,2,2,2,2,1,14
HSU582,TUTOR-LED,POST,6,A,H13A,2,3,3,2,3,3,2,3,21
HSU582,TUTOR-LED,POST,6,B,H13A,4,4,4,4,4,5,5,4,34
HSU582,TUTOR-LED,POST,6,C,H13A,4,4,3,3,4,4,4,3,29
HXG545,E-LEARNING,PRE,1,A,R77V,1,1,1,1,1,1,1,1,8
HXG545,E-LEARNING,PRE,1,B,R77V,2,1,2,1,1,2,2,1,12
HXG545,E-LEARNING,PRE,1,C,R77V,1,1,1,1,1,1,1,1,8
HXG545,E-LEARNING,POST,4.5,A,V77R,3,2,2,3,3,3,3,3,22
HXG545,E-LEARNING,POST,4.5,B,V77R,4,4,5,4,4,5,5,5,36
HXG545,E-LEARNING,POST,4.5,C,V77R,4,4,4,5,3,5,4,5,34
ITR586,E-LEARNING,PRE,3,A,I92X,3,2,3,2,3,3,3,3,22
ITR586,E-LEARNING,PRE,3,B,I92X,2,2,3,3,3,4,3,3,23
ITR586,E-LEARNING,PRE,3,C,I92X,2,2,2,2,2,2,2,2,16
ITR586,E-LEARNING,POST,5.5,A,X29I,3,3,3,4,4,4,4,3,28
ITR586,E-LEARNING,POST,5.5,B,X29I,5,5,5,5,5,5,5,5,40
ITR586,E-LEARNING,POST,5.5,C,X29I,3,4,4,4,4,4,4,4,31
IZQ256,TUTOR-LED,PRE,0.5,A,I45Y,1,1,1,1,1,1,1,1,8
IZQ256,TUTOR-LED,PRE,0.5,B,I45Y,4,2,3,2,2,2,2,1,18
IZQ256,TUTOR-LED,PRE,0.5,C,I45Y,1,1,1,1,1,1,1,1,8
IZQ256,TUTOR-LED,POST,6,A,Y54I,3,4,4,3,4,4,4,4,30
IZQ256,TUTOR-LED,POST,6,B,Y54I,4,4,4,4,4,5,4,4,33
IZQ256,TUTOR-LED,POST,6,C,Y54I,5,5,5,5,5,5,5,5,40
JDC698,E-LEARNING,PRE,2.5,A,R57K,1,1,1,1,1,1,1,1,8
JDC698,E-LEARNING,PRE,2.5,B,R57K,2,2,2,2,2,2,2,2,16
JDC698,E-LEARNING,PRE,2.5,C,R57K,1,2,1,2,2,1,1,1,11
JDC698,E-LEARNING,POST,6.5,A,K75R,2,3,3,2,3,3,3,2,21
JDC698,E-LEARNING,POST,6.5,B,K75R,2,3,3,2,4,4,3,3,24
JDC698,E-LEARNING,POST,6.5,C,K75R,3,4,4,4,5,5,4,4,33
JND461,HMD-BASED,PRE,1.5,A,D39G,3,1,2,2,2,2,2,2,16
JND461,HMD-BASED,PRE,1.5,B,D39G,2,2,3,2,2,2,2,1,16
JND461,HMD-BASED,PRE,1.5,C,D39G,3,1,1,1,1,1,1,1,10
JND461,HMD-BASED,POST,4.5,A,G93D,4,4,5,4,4,5,4,4,34
JND461,HMD-BASED,POST,4.5,B,G93D,5,4,5,5,5,5,5,5,39
JND461,HMD-BASED,POST,4.5,C,G93D,4,4,3,4,3,4,3,4,29
JTG953,E-LEARNING,PRE,4,A,B68G,4,5,4,4,4,5,4,4,34
JTG953,E-LEARNING,PRE,4,B,B68G,4,4,5,5,4,5,4,4,35
JTG953,E-LEARNING,PRE,4,C,B68G,3,3,3,3,3,4,4,4,27
JTG953,E-LEARNING,POST,5.5,A,G86B,4,4,4,3,3,4,4,4,30
JTG953,E-LEARNING,POST,5.5,B,G86B,4,4,5,5,4,5,5,4,36
JTG953,E-LEARNING,POST,5.5,C,G86B,4,3,3,4,4,4,4,4,30
JWO988,TUTOR-LED,PRE,2,A,F32Q,1,1,1,1,1,2,1,1,9
JWO988,TUTOR-LED,PRE,2,B,F32Q,1,1,2,1,2,3,2,2,14
JWO988,TUTOR-LED,PRE,2,C,F32Q,1,1,1,1,1,1,1,1,8
JWO988,TUTOR-LED,POST,5.5,A,Q23F,4,3,3,3,3,4,3,3,26
JWO988,TUTOR-LED,POST,5.5,B,Q23F,4,4,4,4,4,5,4,4,33
JWO988,TUTOR-LED,POST,5.5,C,Q23F,3,3,2,3,2,3,3,3,22
JYA605,HMD-BASED,PRE,0.5,A,C42I,1,1,1,1,1,1,1,1,8
JYA605,HMD-BASED,PRE,0.5,B,C42I,1,1,2,2,2,1,1,1,11
JYA605,HMD-BASED,PRE,0.5,C,C42I,1,1,1,1,1,1,1,1,8
JYA605,HMD-BASED,POST,5,A,I24C,2,3,2,2,2,3,2,2,18
JYA605,HMD-BASED,POST,5,B,I24C,2,3,2,2,2,3,2,2,18
JYA605,HMD-BASED,POST,5,C,I24C,1,2,1,2,3,2,2,1,14
JZE455,HMD-BASED,PRE,0.5,A,V11G,1,1,1,1,1,1,1,1,8
JZE455,HMD-BASED,PRE,0.5,B,V11G,4,1,2,2,1,1,2,1,14
JZE455,HMD-BASED,PRE,0.5,C,V11G,2,1,1,1,1,1,1,1,9
JZE455,HMD-BASED,POST,5,A,G11V,4,4,4,3,4,4,3,4,30
JZE455,HMD-BASED,POST,5,B,G11V,3,3,4,4,3,4,3,3,27
JZE455,HMD-BASED,POST,5,C,G11V,4,4,4,4,4,4,4,4,32
KFS135,HMD-BASED,PRE,0.5,A,Q48N,1,1,1,1,1,1,1,1,8
KFS135,HMD-BASED,PRE,0.5,B,Q48N,1,1,2,2,2,1,1,1,11
KFS135,HMD-BASED,PRE,0.5,C,Q48N,1,1,1,1,1,1,1,1,8
KFS135,HMD-BASED,POST,2.5,A,N84Q,2,2,2,2,2,3,2,2,17
KFS135,HMD-BASED,POST,2.5,B,N84Q,4,2,3,3,2,4,3,3,24
KFS135,HMD-BASED,POST,2.5,C,N84Q,3,1,1,1,1,1,1,2,11
KIG411,TUTOR-LED,PRE,0.5,A,S71N,1,1,1,1,1,1,1,1,8
KIG411,TUTOR-LED,PRE,0.5,B,S71N,1,2,2,1,2,1,2,1,12
KIG411,TUTOR-LED,PRE,0.5,C,S71N,2,1,1,1,1,1,1,1,9
KIG411,TUTOR-LED,POST,5,A,N17S,4,3,4,4,4,4,3,4,30
KIG411,TUTOR-LED,POST,5,B,N17S,4,3,4,2,3,4,3,3,26
KIG411,TUTOR-LED,POST,5,C,N17S,3,2,3,3,2,3,3,3,22
KJE454,TUTOR-LED,PRE,1.5,A,E47O,3,1,2,1,1,1,1,1,11
KJE454,TUTOR-LED,PRE,1.5,B,E47O,3,2,3,2,2,3,3,2,20
KJE454,TUTOR-LED,PRE,1.5,C,E47O,2,1,1,1,1,1,1,1,9
KJE454,TUTOR-LED,POST,5.5,A,O74E,3,3,4,3,4,4,3,4,28
KJE454,TUTOR-LED,POST,5.5,B,O74E,4,4,4,4,4,5,4,5,34
KJE454,TUTOR-LED,POST,5.5,C,O74E,4,4,5,4,4,5,5,4,35
KKY958,HMD-BASED,PRE,0.5,A,Y66M,1,1,1,1,1,1,1,1,8
KKY958,HMD-BASED,PRE,0.5,B,Y66M,1,3,3,3,3,1,2,1,17
KKY958,HMD-BASED,PRE,0.5,C,Y66M,1,1,1,1,1,1,1,1,8
KKY958,HMD-BASED,POST,4,A,M66Y,4,3,4,4,4,4,4,5,32
KKY958,HMD-BASED,POST,4,B,M66Y,4,3,4,4,3,4,4,4,30
KKY958,HMD-BASED,POST,4,C,M66Y,3,3,3,3,3,3,3,3,24
KKZ982,HMD-BASED,PRE,1,A,W67S,1,1,1,1,1,1,1,1,8
KKZ982,HMD-BASED,PRE,1,B,W67S,2,2,3,2,2,1,2,1,15
KKZ982,HMD-BASED,PRE,1,C,W67S,1,1,1,1,1,1,1,1,8
KKZ982,HMD-BASED,POST,4,A,S76W,3,3,4,3,3,4,3,3,26
KKZ982,HMD-BASED,POST,4,B,S76W,3,3,3,2,3,3,3,2,22
KKZ982,HMD-BASED,POST,4,C,S76W,2,3,3,2,3,3,3,3,22
KPO942,TUTOR-LED,PRE,3.5,A,Y65C,3,3,3,2,2,3,3,2,21
KPO942,TUTOR-LED,PRE,3.5,B,Y65C,2,2,3,2,2,2,2,2,17
KPO942,TUTOR-LED,PRE,3.5,C,Y65C,1,2,2,1,2,2,1,1,12
KPO942,TUTOR-LED,POST,6.5,A,C56Y,3,3,3,3,2,3,3,3,23
KPO942,TUTOR-LED,POST,6.5,B,C56Y,4,5,5,5,5,5,5,5,39
KPO942,TUTOR-LED,POST,6.5,C,C56Y,4,3,3,4,4,4,3,4,29
LEA927,HMD-BASED,PRE,0.5,A,V40D,1,1,1,1,1,1,1,1,8
LEA927,HMD-BASED,PRE,0.5,B,V40D,2,3,3,2,2,1,2,1,16
LEA927,HMD-BASED,PRE,0.5,C,V40D,1,1,2,1,2,1,1,1,10
LEA927,HMD-BASED,POST,3.5,A,D04V,4,3,5,3,4,5,4,5,33
LEA927,HMD-BASED,POST,3.5,B,D04V,4,4,5,4,4,5,4,5,35
LEA927,HMD-BASED,POST,3.5,C,D04V,3,3,3,3,3,3,3,3,24
LLA426,TUTOR-LED,PRE,2.5,A,A66S,2,2,4,4,4,4,3,4,27
LLA426,TUTOR-LED,PRE,2.5,B,A66S,4,4,4,4,4,5,4,4,33
LLA426,TUTOR-LED,PRE,2.5,C,A66S,3,2,2,2,2,3,2,2,18
LLA426,TUTOR-LED,POST,3.5,A,S66A,4,3,4,4,3,4,4,4,30
LLA426,TUTOR-LED,POST,3.5,B,S66A,4,2,4,4,2,4,3,4,27
LLA426,TUTOR-LED,POST,3.5,C,S66A,4,3,3,3,3,3,3,3,25
LLK762,TUTOR-LED,PRE,1.5,A,E63M,1,1,1,1,1,2,1,1,9
LLK762,TUTOR-LED,PRE,1.5,B,E63M,3,1,2,2,2,2,2,2,16
LLK762,TUTOR-LED,PRE,1.5,C,E63M,3,1,1,1,1,1,1,1,10
LLK762,TUTOR-LED,POST,3.5,A,M36E,3,2,3,3,3,3,3,3,23
LLK762,TUTOR-LED,POST,3.5,B,M36E,4,4,5,5,4,5,5,5,37
LLK762,TUTOR-LED,POST,3.5,C,M36E,4,4,3,4,3,4,4,4,30
LMM445,E-LEARNING,PRE,1.5,A,R48T,1,1,1,1,1,1,1,1,8
LMM445,E-LEARNING,PRE,1.5,B,R48T,2,2,2,1,2,1,2,1,13
LMM445,E-LEARNING,PRE,1.5,C,R48T,2,2,2,1,2,1,1,1,12
LMM445,E-LEARNING,POST,4,A,T84R,3,3,4,3,4,4,3,4,28
LMM445,E-LEARNING,POST,4,B,T84R,4,3,4,4,4,4,4,4,31
LMM445,E-LEARNING,POST,4,C,T84R,3,3,2,3,3,3,3,3,23
LRV234,HMD-BASED,PRE,3,A,O96T,3,3,4,3,4,4,4,4,29
LRV234,HMD-BASED,PRE,3,B,O96T,2,2,2,3,2,4,2,2,19
LRV234,HMD-BASED,PRE,3,C,O96T,4,2,4,5,2,5,4,5,31
LRV234,HMD-BASED,POST,4.5,A,T69O,4,3,3,3,3,3,3,4,26
LRV234,HMD-BASED,POST,4.5,B,T69O,5,4,4,4,4,5,4,5,35
LRV234,HMD-BASED,POST,4.5,C,T69O,3,4,3,3,3,3,3,3,25
LUK155,HMD-BASED,PRE,1.5,A,R63B,1,1,1,1,1,1,1,1,8
LUK155,HMD-BASED,PRE,1.5,B,R63B,3,2,2,2,2,3,2,2,18
LUK155,HMD-BASED,PRE,1.5,C,R63B,2,1,1,1,1,1,1,1,9
LUK155,HMD-BASED,POST,6.5,A,B36R,3,3,4,4,4,4,4,4,30
LUK155,HMD-BASED,POST,6.5,B,B36R,4,4,4,4,4,5,4,4,33
LUK155,HMD-BASED,POST,6.5,C,B36R,3,4,4,4,4,4,4,3,30
MNH664,HMD-BASED,PRE,0.5,A,Q43O,1,1,1,1,1,1,1,1,8
MNH664,HMD-BASED,PRE,0.5,B,Q43O,4,1,2,2,1,1,2,1,14
MNH664,HMD-BASED,PRE,0.5,C,Q43O,3,1,1,1,1,1,1,1,10
MNH664,HMD-BASED,POST,3.5,A,O34Q,4,3,3,3,3,4,4,5,29
MNH664,HMD-BASED,POST,3.5,B,O34Q,5,4,5,5,4,5,4,5,37
MNH664,HMD-BASED,POST,3.5,C,O34Q,3,2,3,3,2,3,3,3,22
MRN203,E-LEARNING,PRE,0.5,A,T25P,1,1,1,1,1,1,1,1,8
MRN203,E-LEARNING,PRE,0.5,B,T25P,2,2,2,1,2,1,2,1,13
MRN203,E-LEARNING,PRE,0.5,C,T25P,1,1,1,1,1,1,1,1,8
MRN203,E-LEARNING,POST,3.5,A,P52T,4,3,3,2,3,3,3,2,23
MRN203,E-LEARNING,POST,3.5,B,P52T,3,3,3,2,3,3,3,2,22
MRN203,E-LEARNING,POST,3.5,C,P52T,3,2,2,2,3,3,2,2,19
MWN867,E-LEARNING,PRE,3.5,A,C28D,3,1,1,1,2,1,2,2,13
MWN867,E-LEARNING,PRE,3.5,B,C28D,4,3,2,2,3,2,2,3,21
MWN867,E-LEARNING,PRE,3.5,C,C28D,3,2,1,1,1,1,1,1,11
MWN867,E-LEARNING,POST,3.5,A,D82C,3,4,4,4,3,5,4,4,31
MWN867,E-LEARNING,POST,3.5,B,D82C,4,4,4,4,4,5,4,4,33
MWN867,E-LEARNING,POST,3.5,C,D82C,4,2,3,3,3,3,3,3,24
NAG563,E-LEARNING,PRE,2.5,A,K32I,1,1,1,1,1,2,1,2,10
NAG563,E-LEARNING,PRE,2.5,B,K32I,3,2,3,3,3,3,2,3,22
NAG563,E-LEARNING,PRE,2.5,C,K32I,1,1,1,2,1,2,1,1,10
NAG563,E-LEARNING,POST,5.5,A,I23K,3,3,2,2,2,3,2,3,20
NAG563,E-LEARNING,POST,5.5,B,I23K,4,4,4,4,4,5,5,4,34
NAG563,E-LEARNING,POST,5.5,C,I23K,3,3,2,3,3,3,3,3,23
NIR618,E-LEARNING,PRE,1.5,A,X98S,2,2,2,2,1,2,1,2,14
NIR618,E-LEARNING,PRE,1.5,B,X98S,3,2,2,2,2,2,2,2,17
NIR618,E-LEARNING,PRE,1.5,C,X98S,3,2,2,1,1,1,1,1,12
NIR618,E-LEARNING,POST,4.5,A,S89X,4,4,4,4,4,5,4,4,33
NIR618,E-LEARNING,POST,4.5,B,S89X,3,3,4,3,2,4,3,3,25
NIR618,E-LEARNING,POST,4.5,C,S89X,3,4,3,3,4,4,4,3,28
NOD544,TUTOR-LED,PRE,1.5,A,O10W,3,2,2,1,2,2,2,2,16
NOD544,TUTOR-LED,PRE,1.5,B,O10W,3,1,2,3,2,3,3,2,19
NOD544,TUTOR-LED,PRE,1.5,C,O10W,3,1,2,2,1,2,2,2,15
NOD544,TUTOR-LED,POST,2.5,A,W01O,4,2,3,4,3,3,3,3,25
NOD544,TUTOR-LED,POST,2.5,B,W01O,4,3,4,4,3,4,4,4,30
NOD544,TUTOR-LED,POST,2.5,C,W01O,3,2,2,2,2,3,2,3,19
NQE853,TUTOR-LED,PRE,0.5,A,E82Z,1,1,1,1,1,1,1,1,8
NQE853,TUTOR-LED,PRE,0.5,B,E82Z,2,1,2,2,2,1,1,1,12
NQE853,TUTOR-LED,PRE,0.5,C,E82Z,1,1,1,1,1,1,1,1,8
NQE853,TUTOR-LED,POST,3.5,A,Z28E,3,2,3,3,3,3,3,3,23
NQE853,TUTOR-LED,POST,3.5,B,Z28E,3,3,4,4,3,4,3,4,28
NQE853,TUTOR-LED,POST,3.5,C,Z28E,1,2,2,2,3,3,2,3,18
NVN461,E-LEARNING,PRE,3.5,A,P63X,3,3,3,3,3,4,4,3,26
NVN461,E-LEARNING,PRE,3.5,B,P63X,2,3,4,4,3,4,3,3,26
NVN461,E-LEARNING,PRE,3.5,C,P63X,2,2,2,2,2,2,2,2,16
NVN461,E-LEARNING,POST,3.5,A,X36P,4,3,4,4,3,4,3,4,29
NVN461,E-LEARNING,POST,3.5,B,X36P,4,3,5,4,4,5,4,5,34
NVN461,E-LEARNING,POST,3.5,C,X36P,3,3,2,2,2,3,3,4,22
NXB120,E-LEARNING,PRE,1,A,C43T,1,1,1,1,1,1,1,1,8
NXB120,E-LEARNING,PRE,1,B,C43T,3,1,2,2,2,1,1,1,13
NXB120,E-LEARNING,PRE,1,C,C43T,1,1,1,1,1,1,1,1,8
NXB120,E-LEARNING,POST,5.5,A,T34C,3,2,3,2,3,3,3,3,22
NXB120,E-LEARNING,POST,5.5,B,T34C,3,2,3,3,3,3,3,3,23
NXB120,E-LEARNING,POST,5.5,C,T34C,2,3,3,4,4,3,3,3,25
NXV616,E-LEARNING,PRE,0.5,A,S93I,1,1,1,1,1,1,1,1,8
NXV616,E-LEARNING,PRE,0.5,B,S93I,2,1,3,2,2,1,2,1,14
NXV616,E-LEARNING,PRE,0.5,C,S93I,3,1,1,1,1,1,1,1,10
NXV616,E-LEARNING,POST,2.5,A,I39S,4,4,3,3,4,4,3,3,28
NXV616,E-LEARNING,POST,2.5,B,I39S,4,2,3,3,3,4,3,3,25
NXV616,E-LEARNING,POST,2.5,C,I39S,3,2,2,2,2,2,2,3,18
OBJ308,E-LEARNING,PRE,0.5,A,A59Z,1,1,1,1,1,1,1,1,8
OBJ308,E-LEARNING,PRE,0.5,B,A59Z,3,2,3,2,2,1,1,1,15
OBJ308,E-LEARNING,PRE,0.5,C,A59Z,3,1,1,1,1,1,1,1,10
OBJ308,E-LEARNING,POST,2.5,A,Z95A,4,3,3,3,3,3,3,3,25
OBJ308,E-LEARNING,POST,2.5,B,Z95A,4,2,2,3,2,4,3,4,24
OBJ308,E-LEARNING,POST,2.5,C,Z95A,3,2,3,3,2,3,2,3,21
OBN814,E-LEARNING,PRE,0.5,A,T54X,1,1,1,1,1,1,1,1,8
OBN814,E-LEARNING,PRE,0.5,B,T54X,2,1,2,2,1,1,2,1,12
OBN814,E-LEARNING,PRE,0.5,C,T54X,1,1,1,1,1,1,1,1,8
OBN814,E-LEARNING,POST,4.5,A,X45T,4,3,3,3,4,3,3,4,27
OBN814,E-LEARNING,POST,4.5,B,X45T,3,3,4,3,3,4,3,2,25
OBN814,E-LEARNING,POST,4.5,C,X45T,2,2,2,2,2,3,2,2,17
OEU979,HMD-BASED,PRE,3,A,C33I,3,2,2,1,2,2,2,2,16
OEU979,HMD-BASED,PRE,3,B,C33I,4,2,4,2,3,3,3,3,24
OEU979,HMD-BASED,PRE,3,C,C33I,3,2,2,2,2,3,2,2,18
OEU979,HMD-BASED,POST,6,A,I33C,4,3,4,4,4,5,4,4,32
OEU979,HMD-BASED,POST,6,B,I33C,5,4,4,4,4,5,4,4,34
OEU979,HMD-BASED,POST,6,C,I33C,4,4,4,4,4,4,4,4,32
OMC754,HMD-BASED,PRE,3,A,C18X,3,1,1,1,2,2,1,2,13
OMC754,HMD-BASED,PRE,3,B,C18X,3,2,3,2,2,3,3,1,19
OMC754,HMD-BASED,PRE,3,C,C18X,1,2,2,1,2,2,2,1,13
OMC754,HMD-BASED,POST,4,A,X81C,4,3,4,4,4,4,3,3,29
OMC754,HMD-BASED,POST,4,B,X81C,3,3,3,2,2,4,3,3,23
OMC754,HMD-BASED,POST,4,C,X81C,3,2,2,3,2,3,3,3,21
OOU936,E-LEARNING,PRE,1.5,A,S33L,1,1,1,1,1,1,1,1,8
OOU936,E-LEARNING,PRE,1.5,B,S33L,2,2,2,2,2,1,2,1,14
OOU936,E-LEARNING,PRE,1.5,C,S33L,2,1,2,1,1,1,1,1,10
OOU936,E-LEARNING,POST,4.5,A,L33S,4,3,3,3,3,3,3,4,26
OOU936,E-LEARNING,POST,4.5,B,L33S,3,3,3,3,3,4,3,3,25
OOU936,E-LEARNING,POST,4.5,C,L33S,3,3,3,3,3,3,3,3,24
OXC440,E-LEARNING,PRE,3,A,C85C,4,3,3,4,3,3,3,3,26
OXC440,E-LEARNING,PRE,3,B,C85C,2,3,4,3,3,3,3,2,23
OXC440,E-LEARNING,PRE,3,C,C85C,2,2,2,2,1,2,2,1,14
OXC440,E-LEARNING,POST,5,A,C58C,4,4,4,5,4,5,3,3,32
OXC440,E-LEARNING,POST,5,B,C58C,3,3,4,4,3,4,4,2,27
OXC440,E-LEARNING,POST,5,C,C58C,4,3,3,3,3,4,4,3,27
OYM739,TUTOR-LED,PRE,4,A,L56D,2,2,3,2,2,3,2,2,18
OYM739,TUTOR-LED,PRE,4,B,L56D,3,3,3,3,2,4,3,4,25
OYM739,TUTOR-LED,PRE,4,C,L56D,2,2,2,2,2,3,2,2,17
OYM739,TUTOR-LED,POST,4.5,A,D65L,3,2,3,3,2,3,3,4,23
OYM739,TUTOR-LED,POST,4.5,B,D65L,4,4,4,4,3,5,4,4,32
OYM739,TUTOR-LED,POST,4.5,C,D65L,4,3,3,4,4,4,4,4,30
PAZ173,HMD-BASED,PRE,3.5,A,X57F,3,3,3,3,3,3,3,3,24
PAZ173,HMD-BASED,PRE,3.5,B,X57F,2,3,3,2,2,3,3,2,20
PAZ173,HMD-BASED,PRE,3.5,C,X57F,2,2,1,1,2,2,2,1,13
PAZ173,HMD-BASED,POST,8,A,F75X,4,3,4,4,4,5,4,4,32
PAZ173,HMD-BASED,POST,8,B,F75X,4,4,5,5,4,5,4,5,36
PAZ173,HMD-BASED,POST,8,C,F75X,4,4,4,4,5,4,4,5,34
PBV292,E-LEARNING,PRE,2.5,A,A40E,2,2,2,2,1,2,2,2,15
PBV292,E-LEARNING,PRE,2.5,B,A40E,4,2,2,2,3,3,3,2,21
PBV292,E-LEARNING,PRE,2.5,C,A40E,2,1,1,2,1,2,1,2,12
PBV292,E-LEARNING,POST,5,A,E04A,4,3,4,3,4,4,3,4,29
PBV292,E-LEARNING,POST,5,B,E04A,5,4,4,5,5,5,4,5,37
PBV292,E-LEARNING,POST,5,C,E04A,4,4,4,3,4,4,4,3,30
PDQ646,TUTOR-LED,PRE,3.5,A,K71Q,1,1,2,1,1,2,2,2,12
PDQ646,TUTOR-LED,PRE,3.5,B,K71Q,2,3,3,3,2,3,3,3,22
PDQ646,TUTOR-LED,PRE,3.5,C,K71Q,2,1,1,2,2,1,2,1,12
PDQ646,TUTOR-LED,POST,5.5,A,Q17K,2,3,3,2,2,2,2,2,18
PDQ646,TUTOR-LED,POST,5.5,B,Q17K,3,2,2,2,3,3,3,3,21
PDQ646,TUTOR-LED,POST,5.5,C,Q17K,3,3,3,3,3,3,3,3,24
PEH324,E-LEARNING,PRE,5.5,A,Y78H,2,2,4,2,3,3,3,3,22
PEH324,E-LEARNING,PRE,5.5,B,Y78H,2,3,3,3,3,4,3,2,23
PEH324,E-LEARNING,PRE,5.5,C,Y78H,3,3,3,2,4,3,3,2,23
PEH324,E-LEARNING,POST,6,A,H87Y,4,3,4,4,4,5,5,5,34
PEH324,E-LEARNING,POST,6,B,H87Y,4,4,4,4,3,5,4,4,32
PEH324,E-LEARNING,POST,6,C,H87Y,4,5,5,5,5,5,5,5,39
PHI867,TUTOR-LED,PRE,0.5,A,J78O,1,1,1,1,1,1,1,1,8
PHI867,TUTOR-LED,PRE,0.5,B,J78O,2,2,2,2,2,1,1,1,13
PHI867,TUTOR-LED,PRE,0.5,C,J78O,1,1,1,1,2,1,1,1,9
PHI867,TUTOR-LED,POST,3.5,A,O87J,3,2,3,3,3,3,3,4,24
PHI867,TUTOR-LED,POST,3.5,B,O87J,4,3,4,4,3,4,3,4,29
PHI867,TUTOR-LED,POST,3.5,C,O87J,3,3,2,3,2,3,3,2,21
PJX493,TUTOR-LED,PRE,2.5,A,T45Y,2,2,2,2,2,2,2,2,16
PJX493,TUTOR-LED,PRE,2.5,B,T45Y,2,2,3,2,2,3,2,2,18
PJX493,TUTOR-LED,PRE,2.5,C,T45Y,3,1,1,2,1,2,2,2,14
PJX493,TUTOR-LED,POST,4,A,Y54T,2,2,3,3,2,2,3,2,19
PJX493,TUTOR-LED,POST,4,B,Y54T,4,4,4,4,3,4,4,4,31
PJX493,TUTOR-LED,POST,4,C,Y54T,3,3,3,2,3,3,3,3,23
PJZ223,HMD-BASED,PRE,2.5,A,T39N,1,2,2,1,2,2,2,1,13
PJZ223,HMD-BASED,PRE,2.5,B,T39N,2,3,3,3,3,3,3,2,22
PJZ223,HMD-BASED,PRE,2.5,C,T39N,2,2,1,1,1,2,1,1,11
PJZ223,HMD-BASED,POST,5.5,A,N93T,2,2,3,2,3,3,3,3,21
PJZ223,HMD-BASED,POST,5.5,B,N93T,4,4,4,3,3,4,4,4,30
PJZ223,HMD-BASED,POST,5.5,C,N93T,3,4,4,4,4,4,4,4,31
PLQ102,TUTOR-LED,PRE,3.5,A,V11M,3,2,3,3,2,3,3,4,23
PLQ102,TUTOR-LED,PRE,3.5,B,V11M,5,3,4,4,4,5,4,5,34
PLQ102,TUTOR-LED,PRE,3.5,C,V11M,3,1,1,2,2,2,2,2,15
PLQ102,TUTOR-LED,POST,4.5,A,M11V,4,2,4,4,3,4,3,5,29
PLQ102,TUTOR-LED,POST,4.5,B,M11V,4,3,4,4,3,4,3,4,29
PLQ102,TUTOR-LED,POST,4.5,C,M11V,3,3,2,3,3,3,3,4,24
PMA805,TUTOR-LED,PRE,0.5,A,P11H,1,1,1,1,1,1,1,1,8
PMA805,TUTOR-LED,PRE,0.5,B,P11H,3,1,2,1,1,1,2,1,12
PMA805,TUTOR-LED,PRE,0.5,C,P11H,3,1,1,1,1,1,1,1,10
PMA805,TUTOR-LED,POST,3.5,A,H11P,5,4,4,4,5,5,4,4,35
PMA805,TUTOR-LED,POST,3.5,B,H11P,3,3,4,4,4,5,4,4,31
PMA805,TUTOR-LED,POST,3.5,C,H11P,4,4,5,4,3,4,4,4,32
PMZ575,TUTOR-LED,PRE,2.5,A,D17H,2,2,2,2,2,2,2,2,16
PMZ575,TUTOR-LED,PRE,2.5,B,D17H,2,2,4,2,2,3,3,2,20
PMZ575,TUTOR-LED,PRE,2.5,C,D17H,2,1,1,1,1,1,1,1,9
PMZ575,TUTOR-LED,POST,5.5,A,H71D,4,2,4,4,4,4,4,4,30
PMZ575,TUTOR-LED,POST,5.5,B,H71D,5,5,5,4,4,5,5,5,38
PMZ575,TUTOR-LED,POST,5.5,C,H71D,5,4,5,5,5,5,5,5,39
PZB309,HMD-BASED,PRE,3.5,A,X38A,4,2,3,3,3,3,3,3,24
PZB309,HMD-BASED,PRE,3.5,B,X38A,3,2,3,2,2,3,3,3,21
PZB309,HMD-BASED,PRE,3.5,C,X38A,2,2,2,2,2,3,2,2,17
PZB309,HMD-BASED,POST,4,A,A83X,5,3,4,2,4,5,4,4,31
PZB309,HMD-BASED,POST,4,B,A83X,4,2,4,4,2,4,4,4,28
PZB309,HMD-BASED,POST,4,C,A83X,3,2,3,2,3,3,3,2,21
PZD548,E-LEARNING,PRE,0.5,A,Z62S,1,1,1,1,1,1,1,1,8
PZD548,E-LEARNING,PRE,0.5,B,Z62S,3,2,2,2,2,2,1,1,15
PZD548,E-LEARNING,PRE,0.5,C,Z62S,1,1,1,1,1,1,1,1,8
PZD548,E-LEARNING,POST,3.5,A,S26Z,3,2,3,3,2,3,2,3,21
PZD548,E-LEARNING,POST,3.5,B,S26Z,4,4,4,4,3,4,4,5,32
PZD548,E-LEARNING,POST,3.5,C,S26Z,4,4,3,4,3,4,3,4,29
QCJ568,E-LEARNING,PRE,1.5,A,O38N,1,1,1,1,1,1,1,1,8
QCJ568,E-LEARNING,PRE,1.5,B,O38N,3,2,1,2,1,2,2,1,14
QCJ568,E-LEARNING,PRE,1.5,C,O38N,2,1,1,1,1,1,1,1,9
QCJ568,E-LEARNING,POST,5,A,N83O,4,3,4,4,3,4,4,3,29
QCJ568,E-LEARNING,POST,5,B,N83O,3,3,3,3,3,3,2,2,22
QCJ568,E-LEARNING,POST,5,C,N83O,2,2,2,2,2,3,2,2,17
QDC645,HMD-BASED,PRE,2.5,A,X99A,2,1,1,1,1,2,1,2,11
QDC645,HMD-BASED,PRE,2.5,B,X99A,2,3,3,2,2,4,3,2,21
QDC645,HMD-BASED,PRE,2.5,C,X99A,2,1,1,1,1,1,1,1,9
QDC645,HMD-BASED,POST,6,A,A99X,4,4,4,4,4,5,4,3,32
QDC645,HMD-BASED,POST,6,B,A99X,5,4,5,5,5,5,5,4,38
QDC645,HMD-BASED,POST,6,C,A99X,4,4,3,3,3,4,4,4,29
QHS558,TUTOR-LED,PRE,2.5,A,V19Q,2,2,3,3,2,3,3,2,20
QHS558,TUTOR-LED,PRE,2.5,B,V19Q,1,3,3,3,3,3,2,2,20
QHS558,TUTOR-LED,PRE,2.5,C,V19Q,1,2,2,1,2,2,1,1,12
QHS558,TUTOR-LED,POST,5,A,Q91V,4,4,4,3,4,5,4,4,32
QHS558,TUTOR-LED,POST,5,B,Q91V,3,3,4,3,3,4,3,3,26
QHS558,TUTOR-LED,POST,5,C,Q91V,3,3,3,3,3,3,3,3,24
QNU652,HMD-BASED,PRE,4.5,A,X49O,4,3,3,4,4,4,3,3,28
QNU652,HMD-BASED,PRE,4.5,B,X49O,4,4,4,4,4,5,4,5,34
QNU652,HMD-BASED,PRE,4.5,C,X49O,3,2,4,4,4,3,3,3,26
QNU652,HMD-BASED,POST,6.5,A,O94X,4,3,4,4,4,4,4,4,31
QNU652,HMD-BASED,POST,6.5,B,O94X,3,4,4,4,5,5,4,5,34
QNU652,HMD-BASED,POST,6.5,C,O94X,3,3,3,3,3,3,4,3,25
RAH848,E-LEARNING,PRE,0.5,A,I77J,1,1,1,1,1,1,1,1,8
RAH848,E-LEARNING,PRE,0.5,B,I77J,2,1,2,1,1,1,1,1,10
RAH848,E-LEARNING,PRE,0.5,C,I77J,1,1,1,1,1,1,1,1,8
RAH848,E-LEARNING,POST,3.5,A,J77I,4,3,4,3,4,4,4,4,30
RAH848,E-LEARNING,POST,3.5,B,J77I,3,3,3,3,3,4,3,3,25
RAH848,E-LEARNING,POST,3.5,C,J77I,3,2,2,2,2,2,2,2,17
RDJ419,HMD-BASED,PRE,0.5,A,P55V,1,1,1,1,1,1,1,1,8
RDJ419,HMD-BASED,PRE,0.5,B,P55V,1,1,2,2,1,1,2,1,11
RDJ419,HMD-BASED,PRE,0.5,C,P55V,1,1,1,1,1,1,1,1,8
RDJ419,HMD-BASED,POST,4.5,A,V55P,4,3,3,3,4,4,4,3,28
RDJ419,HMD-BASED,POST,4.5,B,V55P,2,3,2,2,2,3,2,2,18
RDJ419,HMD-BASED,POST,4.5,C,V55P,2,3,4,3,3,3,3,3,24
REG896,HMD-BASED,PRE,0.5,A,T88J,1,1,1,1,1,1,1,1,8
REG896,HMD-BASED,PRE,0.5,B,T88J,1,2,3,3,2,1,2,1,15
REG896,HMD-BASED,PRE,0.5,C,T88J,1,1,1,1,1,1,1,1,8
REG896,HMD-BASED,POST,5,A,J88T,4,2,3,4,4,4,4,5,30
REG896,HMD-BASED,POST,5,B,J88T,5,4,4,4,4,5,4,5,35
REG896,HMD-BASED,POST,5,C,J88T,3,3,4,4,4,4,4,3,29
RGH677,TUTOR-LED,PRE,1,A,S84C,1,1,1,1,1,2,1,2,10
RGH677,TUTOR-LED,PRE,1,B,S84C,2,1,2,2,2,2,2,2,15
RGH677,TUTOR-LED,PRE,1,C,S84C,2,1,1,1,1,1,1,1,9
RGH677,TUTOR-LED,POST,5.5,A,C48S,4,4,4,4,4,4,4,4,32
RGH677,TUTOR-LED,POST,5.5,B,C48S,4,4,4,3,4,5,4,4,32
RGH677,TUTOR-LED,POST,5.5,C,C48S,3,3,3,3,3,3,3,3,24
RMQ914,TUTOR-LED,PRE,1.5,A,X56N,1,1,1,1,1,1,1,1,8
RMQ914,TUTOR-LED,PRE,1.5,B,X56N,2,3,3,2,3,2,2,2,19
RMQ914,TUTOR-LED,PRE,1.5,C,X56N,2,2,1,1,2,1,1,1,11
RMQ914,TUTOR-LED,POST,6.5,A,N65X,3,3,3,4,4,3,3,3,26
RMQ914,TUTOR-LED,POST,6.5,B,N65X,2,3,3,3,3,4,3,3,24
RMQ914,TUTOR-LED,POST,6.5,C,N65X,3,3,3,3,3,3,3,3,24
RUJ278,E-LEARNING,PRE,0.5,A,P94X,1,1,1,1,1,1,1,1,8
RUJ278,E-LEARNING,PRE,0.5,B,P94X,3,1,2,2,2,1,1,1,13
RUJ278,E-LEARNING,PRE,0.5,C,P94X,3,1,1,1,1,1,1,1,10
RUJ278,E-LEARNING,POST,4,A,X49P,5,3,4,4,4,4,4,4,32
RUJ278,E-LEARNING,POST,4,B,X49P,4,3,4,4,4,5,4,4,32
RUJ278,E-LEARNING,POST,4,C,X49P,3,3,3,3,2,3,3,3,23
RZP403,HMD-BASED,PRE,0.5,A,P20V,1,1,1,1,1,1,1,1,8
RZP403,HMD-BASED,PRE,0.5,B,P20V,3,1,2,2,1,1,2,1,13
RZP403,HMD-BASED,PRE,0.5,C,P20V,3,1,1,1,1,1,1,1,10
RZP403,HMD-BASED,POST,3.5,A,V02P,2,2,3,4,3,3,3,4,24
RZP403,HMD-BASED,POST,3.5,B,V02P,4,2,4,4,4,4,4,4,30
RZP403,HMD-BASED,POST,3.5,C,V02P,3,2,4,3,2,3,3,3,23
SLY786,E-LEARNING,PRE,1.5,A,W38P,1,1,1,1,1,1,1,1,8
SLY786,E-LEARNING,PRE,1.5,B,W38P,2,2,3,2,2,2,2,2,17
SLY786,E-LEARNING,PRE,1.5,C,W38P,2,2,1,1,2,1,1,1,11
SLY786,E-LEARNING,POST,3.5,A,P83W,3,3,3,3,3,3,3,4,25
SLY786,E-LEARNING,POST,3.5,B,P83W,3,3,4,3,3,4,4,3,27
SLY786,E-LEARNING,POST,3.5,C,P83W,3,3,3,3,2,3,3,3,23
SNV360,HMD-BASED,PRE,0.5,A,H50P,1,1,2,1,1,1,1,1,9
SNV360,HMD-BASED,PRE,0.5,B,H50P,1,3,3,2,2,1,2,1,15
SNV360,HMD-BASED,PRE,0.5,C,H50P,1,2,2,1,2,1,1,1,11
SNV360,HMD-BASED,POST,5,A,P05H,4,4,4,4,4,4,4,4,32
SNV360,HMD-BASED,POST,5,B,P05H,3,3,3,3,3,4,3,3,25
SNV360,HMD-BASED,POST,5,C,P05H,3,3,3,3,2,3,3,3,23
SOC178,TUTOR-LED,PRE,1.5,A,F66E,1,1,2,1,1,1,1,1,9
SOC178,TUTOR-LED,PRE,1.5,B,F66E,2,2,2,2,3,4,2,2,19
SOC178,TUTOR-LED,PRE,1.5,C,F66E,1,1,1,1,2,2,1,1,10
SOC178,TUTOR-LED,POST,6.5,A,E66F,3,4,4,4,3,4,3,4,29
SOC178,TUTOR-LED,POST,6.5,B,E66F,4,4,4,4,4,5,4,4,33
SOC178,TUTOR-LED,POST,6.5,C,E66F,3,3,3,3,4,4,4,4,28
SPA716,E-LEARNING,PRE,0.5,A,K32R,1,1,1,1,1,1,1,1,8
SPA716,E-LEARNING,PRE,0.5,B,K32R,1,1,1,1,2,1,1,1,9
SPA716,E-LEARNING,PRE,0.5,C,K32R,2,2,1,1,2,1,1,1,11
SPA716,E-LEARNING,POST,5,A,R23K,2,3,3,4,3,3,3,2,23
SPA716,E-LEARNING,POST,5,B,R23K,2,3,3,3,3,4,3,2,23
SPA716,E-LEARNING,POST,5,C,R23K,2,3,2,2,4,3,2,2,20
SRE530,TUTOR-LED,PRE,2.5,A,I58N,3,1,2,2,2,2,2,1,15
SRE530,TUTOR-LED,PRE,2.5,B,I58N,3,2,3,3,2,3,3,3,22
SRE530,TUTOR-LED,PRE,2.5,C,I58N,2,2,1,1,2,2,2,1,13
SRE530,TUTOR-LED,POST,7,A,N85I,4,4,5,4,4,5,4,4,34
SRE530,TUTOR-LED,POST,7,B,N85I,4,4,5,5,5,5,4,4,36
SRE530,TUTOR-LED,POST,7,C,N85I,3,4,3,4,4,4,4,4,30
SVZ143,E-LEARNING,PRE,1.5,A,H33Z,1,1,1,2,1,2,1,1,10
SVZ143,E-LEARNING,PRE,1.5,B,H33Z,3,2,3,3,2,3,2,2,20
SVZ143,E-LEARNING,PRE,1.5,C,H33Z,2,1,1,1,1,1,1,1,9
SVZ143,E-LEARNING,POST,3.5,A,Z33H,3,3,3,2,2,3,2,2,20
SVZ143,E-LEARNING,POST,3.5,B,Z33H,3,3,3,3,3,4,4,3,26
SVZ143,E-LEARNING,POST,3.5,C,Z33H,2,2,1,2,3,2,2,1,15
SXR106,TUTOR-LED,PRE,1,A,T62I,1,1,1,1,1,1,1,1,8
SXR106,TUTOR-LED,PRE,1,B,T62I,2,1,2,2,2,2,2,2,15
SXR106,TUTOR-LED,PRE,1,C,T62I,2,1,1,1,1,1,1,1,9
SXR106,TUTOR-LED,POST,2.5,A,I26T,4,3,3,3,3,3,3,3,25
SXR106,TUTOR-LED,POST,2.5,B,I26T,2,2,2,3,2,3,3,2,19
SXR106,TUTOR-LED,POST,2.5,C,I26T,3,2,2,1,2,2,2,1,15
SXR205,HMD-BASED,PRE,4.5,A,G32E,1,1,1,1,1,1,1,1,8
SXR205,HMD-BASED,PRE,4.5,B,G32E,2,3,2,3,2,3,2,1,18
SXR205,HMD-BASED,PRE,4.5,C,G32E,2,1,2,1,2,1,2,1,12
SXR205,HMD-BASED,POST,6,A,E23G,3,3,3,4,4,4,3,3,27
SXR205,HMD-BASED,POST,6,B,E23G,4,4,4,4,5,5,4,4,34
SXR205,HMD-BASED,POST,6,C,E23G,3,2,2,3,3,3,3,3,22
THI966,E-LEARNING,PRE,3.5,A,Z13N,4,2,4,2,3,3,3,3,24
THI966,E-LEARNING,PRE,3.5,B,Z13N,3,3,3,3,3,4,3,2,24
THI966,E-LEARNING,PRE,3.5,C,Z13N,3,3,3,2,3,3,3,3,23
THI966,E-LEARNING,POST,4,A,N31Z,5,3,5,4,4,4,4,5,34
THI966,E-LEARNING,POST,4,B,N31Z,5,4,4,4,3,4,4,5,33
THI966,E-LEARNING,POST,4,C,N31Z,3,2,2,3,2,3,2,3,20
TQO516,E-LEARNING,PRE,1.5,A,N68E,1,1,1,2,1,1,1,1,9
TQO516,E-LEARNING,PRE,1.5,B,N68E,3,2,3,3,2,3,1,2,19
TQO516,E-LEARNING,PRE,1.5,C,N68E,2,1,1,1,1,1,1,1,9
TQO516,E-LEARNING,POST,3.5,A,E86N,3,2,3,3,2,3,2,3,21
TQO516,E-LEARNING,POST,3.5,B,E86N,3,3,3,3,2,4,3,4,25
TQO516,E-LEARNING,POST,3.5,C,E86N,3,2,3,3,3,3,3,2,22
TRU930,E-LEARNING,PRE,1.5,A,B53D,1,1,1,2,1,2,1,2,11
TRU930,E-LEARNING,PRE,1.5,B,B53D,3,2,2,2,2,2,2,2,17
TRU930,E-LEARNING,PRE,1.5,C,B53D,2,1,1,1,1,1,1,1,9
TRU930,E-LEARNING,POST,3.5,A,D35B,2,2,2,2,2,2,2,2,16
TRU930,E-LEARNING,POST,3.5,B,D35B,3,3,3,3,3,3,3,3,24
TRU930,E-LEARNING,POST,3.5,C,D35B,2,1,1,2,1,2,2,2,13
TVA944,HMD-BASED,PRE,0.5,A,R37W,1,1,1,1,1,1,1,1,8
TVA944,HMD-BASED,PRE,0.5,B,R37W,1,2,2,1,2,1,2,1,12
TVA944,HMD-BASED,PRE,0.5,C,R37W,3,1,1,1,1,1,1,1,10
TVA944,HMD-BASED,POST,3.5,A,W73R,4,3,4,3,3,4,4,4,29
TVA944,HMD-BASED,POST,3.5,B,W73R,4,3,4,4,3,4,3,3,28
TVA944,HMD-BASED,POST,3.5,C,W73R,3,2,2,3,2,3,3,3,21
UMR662,HMD-BASED,PRE,1.5,A,Z45Y,1,1,1,2,1,1,1,1,9
UMR662,HMD-BASED,PRE,1.5,B,Z45Y,2,1,3,2,2,2,2,2,16
UMR662,HMD-BASED,PRE,1.5,C,Z45Y,1,1,1,1,1,1,1,1,8
UMR662,HMD-BASED,POST,4,A,Y54Z,2,2,3,2,3,3,2,2,19
UMR662,HMD-BASED,POST,4,B,Y54Z,4,4,4,4,3,4,4,5,32
UMR662,HMD-BASED,POST,4,C,Y54Z,2,2,2,3,2,3,2,2,18
USQ374,E-LEARNING,PRE,0.5,A,L13Q,1,1,1,1,1,1,1,1,8
USQ374,E-LEARNING,PRE,0.5,B,L13Q,3,2,2,2,2,1,1,1,14
USQ374,E-LEARNING,PRE,0.5,C,L13Q,2,1,1,1,1,1,1,1,9
USQ374,E-LEARNING,POST,5.5,A,Q31L,3,2,3,2,3,3,3,3,22
USQ374,E-LEARNING,POST,5.5,B,Q31L,4,3,4,4,3,4,3,4,29
USQ374,E-LEARNING,POST,5.5,C,Q31L,4,3,3,3,4,4,4,3,28
UXP143,E-LEARNING,PRE,0.5,A,N49S,1,1,1,1,1,1,1,1,8
UXP143,E-LEARNING,PRE,0.5,B,N49S,1,1,1,1,1,2,1,1,9
UXP143,E-LEARNING,PRE,0.5,C,N49S,1,1,1,1,1,1,1,1,8
UXP143,E-LEARNING,POST,3.5,A,S94N,4,3,4,4,4,4,4,4,31
UXP143,E-LEARNING,POST,3.5,B,S94N,3,2,4,4,3,4,3,4,27
UXP143,E-LEARNING,POST,3.5,C,S94N,3,3,3,4,2,4,3,4,26
VES319,TUTOR-LED,PRE,2.5,A,Q58C,3,2,3,3,2,2,2,2,19
VES319,TUTOR-LED,PRE,2.5,B,Q58C,2,1,2,2,2,4,2,2,17
VES319,TUTOR-LED,PRE,2.5,C,Q58C,2,1,2,3,2,3,2,3,18
VES319,TUTOR-LED,POST,4.5,A,C85Q,3,3,4,4,4,5,4,3,30
VES319,TUTOR-LED,POST,4.5,B,C85Q,5,3,5,5,4,5,5,4,36
VES319,TUTOR-LED,POST,4.5,C,C85Q,3,2,2,3,3,3,3,2,21
VGJ442,E-LEARNING,PRE,0.5,A,J83Z,1,1,2,1,1,1,1,1,9
VGJ442,E-LEARNING,PRE,0.5,B,J83Z,1,2,2,2,3,1,1,1,13
VGJ442,E-LEARNING,PRE,0.5,C,J83Z,3,3,2,1,3,1,1,1,15
VGJ442,E-LEARNING,POST,3.5,A,Z38J,4,3,4,3,3,4,3,3,27
VGJ442,E-LEARNING,POST,3.5,B,Z38J,3,3,3,3,2,3,3,3,23
VGJ442,E-LEARNING,POST,3.5,C,Z38J,3,2,2,3,2,3,3,3,21
VRZ888,TUTOR-LED,PRE,0.5,A,A80U,4,2,3,1,1,1,2,1,15
VRZ888,TUTOR-LED,PRE,0.5,B,A80U,4,2,3,3,2,1,2,2,19
VRZ888,TUTOR-LED,PRE,0.5,C,A80U,3,1,1,1,1,1,1,1,10
VRZ888,TUTOR-LED,POST,5.5,A,U08A,4,3,4,4,4,4,3,3,29
VRZ888,TUTOR-LED,POST,5.5,B,U08A,4,4,4,4,4,5,4,3,32
VRZ888,TUTOR-LED,POST,5.5,C,U08A,3,4,4,4,4,4,4,4,31
WCH203,HMD-BASED,PRE,0.5,A,Y13R,1,1,1,1,1,1,1,1,8
WCH203,HMD-BASED,PRE,0.5,B,Y13R,3,1,2,2,2,2,1,1,14
WCH203,HMD-BASED,PRE,0.5,C,Y13R,2,1,1,1,1,1,1,1,9
WCH203,HMD-BASED,POST,3,A,R31Y,3,2,2,3,2,3,3,3,21
WCH203,HMD-BASED,POST,3,B,R31Y,3,3,4,4,3,4,3,4,28
WCH203,HMD-BASED,POST,3,C,R31Y,2,2,3,3,3,3,3,3,22
WGD425,HMD-BASED,PRE,0.5,A,B88L,4,2,2,1,2,2,1,2,16
WGD425,HMD-BASED,PRE,0.5,B,B88L,3,2,3,2,2,2,2,4,20
WGD425,HMD-BASED,PRE,0.5,C,B88L,3,1,1,1,1,1,1,1,10
WGD425,HMD-BASED,POST,4,A,L88B,4,2,4,4,3,3,4,4,28
WGD425,HMD-BASED,POST,4,B,L88B,5,4,4,4,4,5,4,4,34
WGD425,HMD-BASED,POST,4,C,L88B,3,3,4,4,3,4,3,3,27
WLW718,TUTOR-LED,PRE,0.5,A,U79I,1,1,1,1,1,1,1,1,8
WLW718,TUTOR-LED,PRE,0.5,B,U79I,3,3,3,3,3,1,2,1,19
WLW718,TUTOR-LED,PRE,0.5,C,U79I,1,1,1,1,1,1,1,1,8
WLW718,TUTOR-LED,POST,5,A,I97U,4,3,4,4,3,4,4,5,31
WLW718,TUTOR-LED,POST,5,B,I97U,4,3,4,3,3,4,4,4,29
WLW718,TUTOR-LED,POST,5,C,I97U,4,4,5,4,4,5,4,4,34
WTP146,HMD-BASED,PRE,1.5,A,S42U,1,1,1,1,1,1,1,1,8
WTP146,HMD-BASED,PRE,1.5,B,S42U,2,2,2,2,2,1,2,1,14
WTP146,HMD-BASED,PRE,1.5,C,S42U,2,2,2,1,2,1,1,1,12
WTP146,HMD-BASED,POST,4.5,A,U24S,2,3,3,3,3,3,3,3,23
WTP146,HMD-BASED,POST,4.5,B,U24S,2,2,3,2,3,4,3,3,22
WTP146,HMD-BASED,POST,4.5,C,U24S,3,3,3,2,3,3,3,3,23
WUQ836,HMD-BASED,PRE,2.5,A,A92O,2,2,2,1,2,1,1,3,14
WUQ836,HMD-BASED,PRE,2.5,B,A92O,2,2,3,3,3,3,2,1,19
WUQ836,HMD-BASED,PRE,2.5,C,A92O,3,2,2,2,2,2,2,2,17
WUQ836,HMD-BASED,POST,6,A,O29A,4,3,4,3,4,4,4,5,31
WUQ836,HMD-BASED,POST,6,B,O29A,3,3,4,4,4,4,4,4,30
WUQ836,HMD-BASED,POST,6,C,O29A,4,5,4,4,5,4,5,4,35
XKT907,E-LEARNING,PRE,2.5,A,K43N,1,1,1,1,1,2,1,1,9
XKT907,E-LEARNING,PRE,2.5,B,K43N,1,2,3,2,2,3,2,1,16
XKT907,E-LEARNING,PRE,2.5,C,K43N,1,1,1,1,1,1,1,1,8
XKT907,E-LEARNING,POST,5,A,N34K,3,2,3,4,3,3,3,4,25
XKT907,E-LEARNING,POST,5,B,N34K,4,4,4,3,4,4,4,4,31
XKT907,E-LEARNING,POST,5,C,N34K,4,4,4,4,4,4,4,4,32
XPB506,TUTOR-LED,PRE,1.5,A,T90M,1,1,1,1,1,1,1,1,8
XPB506,TUTOR-LED,PRE,1.5,B,T90M,3,2,3,2,2,2,2,2,18
XPB506,TUTOR-LED,PRE,1.5,C,T90M,1,1,1,1,1,1,1,1,8
XPB506,TUTOR-LED,POST,7.5,A,M09T,4,4,4,4,4,4,4,4,32
XPB506,TUTOR-LED,POST,7.5,B,M09T,3,4,4,4,4,5,4,3,31
XPB506,TUTOR-LED,POST,7.5,C,M09T,3,4,4,4,4,4,4,4,31
XPN369,TUTOR-LED,PRE,0.5,A,X36T,1,1,1,1,1,1,1,1,8
XPN369,TUTOR-LED,PRE,0.5,B,X36T,3,1,3,2,1,1,2,1,14
XPN369,TUTOR-LED,PRE,0.5,C,X36T,2,1,1,1,1,1,1,1,9
XPN369,TUTOR-LED,POST,2,A,T63X,3,3,3,3,3,4,3,4,26
XPN369,TUTOR-LED,POST,2,B,T63X,4,2,5,4,3,5,4,4,31
XPN369,TUTOR-LED,POST,2,C,T63X,3,1,2,2,1,2,2,2,15
XPX238,HMD-BASED,PRE,0.5,A,P69J,1,1,1,1,1,1,1,1,8
XPX238,HMD-BASED,PRE,0.5,B,P69J,3,3,3,3,3,1,2,1,19
XPX238,HMD-BASED,PRE,0.5,C,P69J,3,3,3,1,3,1,1,1,16
XPX238,HMD-BASED,POST,6.5,A,J96P,4,3,4,4,4,5,4,4,32
XPX238,HMD-BASED,POST,6.5,B,J96P,3,4,4,4,4,4,4,3,30
XPX238,HMD-BASED,POST,6.5,C,J96P,3,3,3,2,3,3,3,3,23
XQW954,TUTOR-LED,PRE,0.5,A,X94Z,1,1,1,1,1,1,1,1,8
XQW954,TUTOR-LED,PRE,0.5,B,X94Z,2,2,2,2,2,1,1,1,13
XQW954,TUTOR-LED,PRE,0.5,C,X94Z,1,2,1,1,2,1,1,1,10
XQW954,TUTOR-LED,POST,3,A,Z49X,2,2,2,2,2,2,2,2,16
XQW954,TUTOR-LED,POST,3,B,Z49X,3,3,3,3,3,3,3,3,24
XQW954,TUTOR-LED,POST,3,C,Z49X,2,2,1,2,2,2,2,1,14
YMR506,TUTOR-LED,PRE,3.5,A,D12Y,3,2,3,2,3,3,3,2,21
YMR506,TUTOR-LED,PRE,3.5,B,D12Y,4,3,4,3,3,4,3,3,27
YMR506,TUTOR-LED,PRE,3.5,C,D12Y,2,2,2,3,2,3,3,2,19
YMR506,TUTOR-LED,POST,4,A,Y21D,3,3,4,3,4,4,3,4,28
YMR506,TUTOR-LED,POST,4,B,Y21D,1,3,4,4,3,4,4,4,27
YMR506,TUTOR-LED,POST,4,C,Y21D,1,2,2,3,2,3,2,2,17
YOD100,E-LEARNING,PRE,3.5,A,S16X,3,3,4,3,3,4,3,3,26
YOD100,E-LEARNING,PRE,3.5,B,S16X,1,3,2,2,3,3,3,2,19
YOD100,E-LEARNING,PRE,3.5,C,S16X,2,2,1,2,2,3,2,2,16
YOD100,E-LEARNING,POST,5,A,X61S,2,4,4,3,4,2,3,2,24
YOD100,E-LEARNING,POST,5,B,X61S,2,3,4,3,3,4,3,2,24
YOD100,E-LEARNING,POST,5,C,X61S,2,2,4,3,4,4,2,2,23
YPO377,HMD-BASED,PRE,4,A,S57O,3,3,3,4,3,3,3,2,24
YPO377,HMD-BASED,PRE,4,B,S57O,1,2,3,2,3,3,3,2,19
YPO377,HMD-BASED,PRE,4,C,S57O,2,3,3,3,3,3,3,3,23
YPO377,HMD-BASED,POST,3.5,A,O75S,3,3,4,3,4,4,3,4,28
YPO377,HMD-BASED,POST,3.5,B,O75S,2,3,4,3,2,4,3,4,25
YPO377,HMD-BASED,POST,3.5,C,O75S,3,2,3,3,2,3,3,3,22
YQJ156,HMD-BASED,PRE,0.5,A,B12G,1,1,1,1,1,1,1,1,8
YQJ156,HMD-BASED,PRE,0.5,B,B12G,2,1,1,1,1,1,1,1,9
YQJ156,HMD-BASED,PRE,0.5,C,B12G,2,1,1,1,1,1,1,1,9
YQJ156,HMD-BASED,POST,3.5,A,G21B,2,2,3,2,3,3,2,2,19
YQJ156,HMD-BASED,POST,3.5,B,G21B,2,3,3,3,2,3,3,3,22
YQJ156,HMD-BASED,POST,3.5,C,G21B,2,1,2,1,1,2,2,2,13
YXI970,E-LEARNING,PRE,0.5,A,O88A,1,1,1,1,1,1,1,1,8
YXI970,E-LEARNING,PRE,0.5,B,O88A,3,2,2,2,2,2,2,2,17
YXI970,E-LEARNING,PRE,0.5,C,O88A,2,1,1,1,1,1,1,1,9
YXI970,E-LEARNING,POST,4,A,A88O,2,3,2,2,3,4,3,2,21
YXI970,E-LEARNING,POST,4,B,A88O,3,2,2,2,2,3,2,2,18
YXI970,E-LEARNING,POST,4,C,A88O,2,2,2,2,1,2,2,1,14
ZKV622,HMD-BASED,PRE,5.5,A,E39Z,3,4,5,3,5,5,4,4,33
ZKV622,HMD-BASED,PRE,5.5,B,E39Z,1,3,4,2,3,4,3,1,21
ZKV622,HMD-BASED,PRE,5.5,C,E39Z,4,4,4,4,5,5,4,4,34
ZKV622,HMD-BASED,POST,5.5,A,Z93E,4,3,3,3,3,4,3,3,26
ZKV622,HMD-BASED,POST,5.5,B,Z93E,4,4,4,4,4,5,4,5,34
ZKV622,HMD-BASED,POST,5.5,C,Z93E,3,5,3,3,4,3,3,2,26
ZNO269,HMD-BASED,PRE,2.5,A,X85I,1,1,2,1,1,2,2,1,11
ZNO269,HMD-BASED,PRE,2.5,B,X85I,3,2,3,3,2,4,3,3,23
ZNO269,HMD-BASED,PRE,2.5,C,X85I,1,2,1,1,2,1,1,1,10
ZNO269,HMD-BASED,POST,5.5,A,I58X,3,3,3,3,3,4,3,4,26
ZNO269,HMD-BASED,POST,5.5,B,I58X,5,5,5,5,5,5,5,5,40
ZNO269,HMD-BASED,POST,5.5,C,I58X,4,4,3,5,4,5,4,5,34
ZUD231,E-LEARNING,PRE,2.5,A,K88F,3,1,2,1,1,2,1,2,13
ZUD231,E-LEARNING,PRE,2.5,B,K88F,4,2,2,2,3,3,3,3,22
ZUD231,E-LEARNING,PRE,2.5,C,K88F,3,2,1,2,2,2,2,2,16
ZUD231,E-LEARNING,POST,3.5,A,F88K,5,2,4,4,5,5,4,4,33
ZUD231,E-LEARNING,POST,3.5,B,F88K,3,4,4,4,3,4,4,4,30
ZUD231,E-LEARNING,POST,3.5,C,F88K,3,3,3,3,3,3,3,3,24
ZVL479,HMD-BASED,PRE,2.5,A,K21K,2,1,2,1,2,2,2,2,14
ZVL479,HMD-BASED,PRE,2.5,B,K21K,1,2,3,2,2,2,2,1,15
ZVL479,HMD-BASED,PRE,2.5,C,K21K,1,2,1,1,1,1,1,1,9
ZVL479,HMD-BASED,POST,5,A,K12K,4,4,5,4,4,4,4,4,33
ZVL479,HMD-BASED,POST,5,B,K12K,2,3,3,3,3,4,3,3,24
ZVL479,HMD-BASED,POST,5,C,K12K,3,2,2,3,2,3,3,3,21
ZWO108,HMD-BASED,PRE,0.5,A,D94Z,1,2,1,1,2,1,1,1,10
ZWO108,HMD-BASED,PRE,0.5,B,D94Z,1,1,2,1,1,1,1,1,9
ZWO108,HMD-BASED,PRE,0.5,C,D94Z,1,1,1,1,2,1,1,1,9
ZWO108,HMD-BASED,POST,3,A,Z49D,4,3,3,3,3,3,3,3,25
ZWO108,HMD-BASED,POST,3,B,Z49D,4,3,4,4,4,5,4,5,33
ZWO108,HMD-BASED,POST,3,C,Z49D,3,2,2,3,2,3,2,3,20